{
    "metrics": {
        "accuracy": 1.0,
        "precision": 1.0,
        "recall": 1.0,
        "f1": 1.0,
        "auc_roc": 0.9999999999999999,
        "confusion_matrix": [
            [
                3735,
                0
            ],
            [
                0,
                16
            ]
        ],
        "specificity": 1.0,
        "roc_curve": {
            "fpr": [
                0.0,
                0.0,
                0.0,
                0.00749665327978581,
                0.008299866131191432,
                0.009906291834002677,
                0.010977242302543508,
                0.015528781793842034,
                0.01713520749665328,
                0.02034805890227577,
                0.020883534136546186,
                0.023025435073627844,
                0.024096385542168676,
                0.027041499330655958,
                0.029451137884872823,
                0.035073627844712185,
                0.035609103078982594,
                0.036947791164658635,
                0.03855421686746988,
                0.04042838018741633,
                0.04096385542168675,
                0.0428380187416332,
                0.044444444444444446,
                0.04497991967871486,
                0.04685408299866131,
                0.04738955823293173,
                0.047657295850066936,
                0.04819277108433735,
                0.04899598393574297,
                0.049531459170013385,
                0.05033467202141901,
                0.051137884872824634,
                0.05167336010709505,
                0.05194109772423026,
                0.052744310575635875,
                0.05327978580990629,
                0.054082998661311915,
                0.055689424364123156,
                0.05622489959839357,
                0.057295850066934405,
                0.05809906291834003,
                0.05997322623828648,
                0.060240963855421686,
                0.0607764390896921,
                0.06318607764390897,
                0.06398929049531459,
                0.0642570281124498,
                0.06532797858099063,
                0.06746987951807229,
                0.06827309236947791,
                0.07095046854082998,
                0.0717536813922356,
                0.07576974564926373,
                0.07657295850066935,
                0.07710843373493977,
                0.07791164658634538,
                0.08406961178045515,
                0.08460508701472556,
                0.08514056224899598,
                0.08621151271753681,
                0.08647925033467202,
                0.0891566265060241,
                0.08995983935742972,
                0.09451137884872825,
                0.09585006693440429,
                0.09665327978580991,
                0.09906291834002677,
                0.0998661311914324,
                0.10040160642570281,
                0.1033467202141901,
                0.10388219544846052,
                0.10468540829986613,
                0.10602409638554217,
                0.10629183400267737,
                0.107095046854083,
                0.1103078982597055,
                0.1111111111111111,
                0.11164658634538152,
                0.1143239625167336,
                0.11459170013386881,
                0.11941097724230254,
                0.11994645247657296,
                0.12048192771084337,
                0.12315930388219545,
                0.12530120481927712,
                0.12583668005354753,
                0.12637215528781795,
                0.12663989290495314,
                0.12717536813922356,
                0.12771084337349398,
                0.1282463186077644,
                0.12904953145917,
                0.13038821954484606,
                0.13065595716198125,
                0.13119143239625167,
                0.13172690763052208,
                0.13333333333333333,
                0.13360107095046855,
                0.13761713520749666,
                0.13842034805890227,
                0.1389558232931727,
                0.14136546184738955,
                0.14243641231593038,
                0.14377510040160643,
                0.14966532797858098,
                0.15368139223560912,
                0.1539491298527443,
                0.15475234270414992,
                0.15502008032128514,
                0.15689424364123158,
                0.1571619812583668,
                0.15957161981258366,
                0.16599732262382866,
                0.16680053547523427,
                0.9962516733601071,
                0.9989290495314592,
                1.0
            ],
            "tpr": [
                0.0,
                0.0625,
                1.0,
                1.0,
                1.0,
                1.0,
                1.0,
                1.0,
                1.0,
                1.0,
                1.0,
                1.0,
                1.0,
                1.0,
                1.0,
                1.0,
                1.0,
                1.0,
                1.0,
                1.0,
                1.0,
                1.0,
                1.0,
                1.0,
                1.0,
                1.0,
                1.0,
                1.0,
                1.0,
                1.0,
                1.0,
                1.0,
                1.0,
                1.0,
                1.0,
                1.0,
                1.0,
                1.0,
                1.0,
                1.0,
                1.0,
                1.0,
                1.0,
                1.0,
                1.0,
                1.0,
                1.0,
                1.0,
                1.0,
                1.0,
                1.0,
                1.0,
                1.0,
                1.0,
                1.0,
                1.0,
                1.0,
                1.0,
                1.0,
                1.0,
                1.0,
                1.0,
                1.0,
                1.0,
                1.0,
                1.0,
                1.0,
                1.0,
                1.0,
                1.0,
                1.0,
                1.0,
                1.0,
                1.0,
                1.0,
                1.0,
                1.0,
                1.0,
                1.0,
                1.0,
                1.0,
                1.0,
                1.0,
                1.0,
                1.0,
                1.0,
                1.0,
                1.0,
                1.0,
                1.0,
                1.0,
                1.0,
                1.0,
                1.0,
                1.0,
                1.0,
                1.0,
                1.0,
                1.0,
                1.0,
                1.0,
                1.0,
                1.0,
                1.0,
                1.0,
                1.0,
                1.0,
                1.0,
                1.0,
                1.0,
                1.0,
                1.0,
                1.0,
                1.0,
                1.0,
                1.0,
                1.0
            ]
        },
        "class_distribution": {
            "train": {
                "class_0": 0,
                "class_1": 0
            },
            "test": {
                "class_0": 3735,
                "class_1": 16
            }
        }
    },
    "best_params": {
        "classifier__learning_rate": 0.1,
        "classifier__max_depth": 3,
        "classifier__min_samples_leaf": 1,
        "classifier__min_samples_split": 2,
        "classifier__n_estimators": 200,
        "classifier__subsample": 0.8
    },