{
    "metrics": {
        "accuracy": 0.9880031991468942,
        "precision": 0.14634146341463414,
        "recall": 0.375,
        "f1": 0.21052631578947367,
        "auc_roc": 0.8595716198125836,
        "confusion_matrix": [
            [
                3700,
                35
            ],
            [
                10,
                6
            ]
        ],
        "specificity": 0.9906291834002677,
        "roc_curve": {
            "fpr": [
                0.0,
                0.0002677376171352075,
                0.00107095046854083,
                0.00107095046854083,
                0.0018741633199464524,
                0.0018741633199464524,
                0.0050870147255689425,
                0.0050870147255689425,
                0.005890227576974565,
                0.005890227576974565,
                0.009103078982597055,
                0.009103078982597055,
                0.009370816599732263,
                0.009370816599732263,
                0.01285140562248996,
                0.01285140562248996,
                0.017670682730923693,
                0.017670682730923693,
                0.02918340026773762,
                0.02918340026773762,
                0.046318607764390896,
                0.046318607764390896,
                0.04738955823293173,
                0.04738955823293173,
                0.08781793842034806,
                0.08781793842034806,
                0.08995983935742972,
                0.08995983935742972,
                0.10147255689424364,
                0.10977242302543508,
                0.8947791164658635,
                0.9044176706827309,
                0.9044176706827309,
                0.9737617135207497,
                0.9737617135207497,
                0.9970548862115127,
                0.9975903614457832,
                1.0
            ],
            "tpr": [
                0.0,
                0.0,
                0.0,
                0.0625,
                0.0625,
                0.125,
                0.125,
                0.25,
                0.25,
                0.3125,
                0.3125,
                0.375,
                0.375,
                0.4375,
                0.4375,
                0.5,
                0.5,
                0.5625,
                0.5625,
                0.625,
                0.625,
                0.6875,
                0.6875,
                0.75,
                0.75,
                0.8125,
                0.8125,
                0.875,
                0.875,
                0.875,
                0.875,
                0.875,
                0.9375,
                0.9375,
                1.0,
                1.0,
                1.0,
                1.0
            ]
        },
        "class_distribution": {
            "train": {
                "class_0": 3735,
                "class_1": 16
            },
            "test": {
                "class_0": 3735,
                "class_1": 16
            }
        }
    },
    "best_params": {
        "classifier__C": 1,
        "classifier__class_weight": {
            "0": 1,
            "1": 10
        },
        "classifier__penalty": "l2",
        "classifier__solver": "liblinear"
    },
    "feature_importance": [
        0.5141350971942453,
        0.5141350971942453,
        0.5141350971942453,
        0.5141350971942453,
        0.5141350971942453,
        0.4476026045263129,
        0.5141350971942453,
        0.5141350971942453,
        0.5141350971942453,
        0.5141350971942453,
        -1.0852442855071263,
        -0.8518899313094874,
        0.0983791412456321,
        3.662211395357828,
        -0.13056678349690487,
        -1.5968045915068498,
        -2.8001411115053134,
        -2.383757943240125,
        2.1887688382837798,
        1.7804560206095739,
        -1.4564109327890469,
        -1.3114648450531028,
        -2.314776690527657,
        0.0031843260782546926
    ]
}