{
    "metrics": {
        "accuracy": 0.9413489736070382,
        "precision": 0.06779661016949153,
        "recall": 1.0,
        "f1": 0.12698412698412698,
        "auc_roc": 0.9999832663989291,
        "confusion_matrix": [
            [
                3515,
                220
            ],
            [
                0,
                16
            ]
        ],
        "specificity": 0.9410977242302544,
        "roc_curve": {
            "fpr": [
                0.0,
                0.0,
                0.0,
                0.0002677376171352075,
                0.0002677376171352075,
                0.030522088353413655,
                0.03132530120481928,
                0.055689424364123156,
                0.05622489959839357,
                0.09370816599732262,
                0.09424364123159304,
                0.10307898259705489,
                0.10468540829986613,
                0.12476572958500669,
                0.12530120481927712,
                0.1435073627844712,
                0.14404283801874163,
                0.1502008032128514,
                0.15100401606425704,
                0.1534136546184739,
                0.15421686746987953,
                0.15448460508701473,
                0.15502008032128514,
                0.15528781793842034,
                0.15609103078982597,
                0.15635876840696117,
                0.1571619812583668,
                0.157429718875502,
                0.15850066934404283,
                0.15876840696117805,
                0.15930388219544847,
                0.16358768406961177,
                0.1643908969210174,
                0.16653279785809907,
                0.16733601070950468,
                0.1678714859437751,
                0.16840696117804552,
                0.1713520749665328,
                0.17215528781793843,
                0.17295850066934404,
                0.1742971887550201,
                0.1745649263721553,
                0.1753681392235609,
                0.17590361445783131,
                0.17643908969210173,
                0.17670682730923695,
                0.17777777777777778,
                0.17991967871485945,
                0.18045515394912987,
                0.18072289156626506,
                0.18206157965194109,
                0.18393574297188756,
                0.1855421686746988,
                0.185809906291834,
                0.18661311914323964,
                0.1895582329317269,
                0.19009370816599733,
                0.19036144578313252,
                0.19089692101740294,
                0.19250334672021419,
                0.1930388219544846,
                0.19357429718875502,
                0.9911646586345382,
                0.9925033467202142,
                0.9943775100401606,
                0.9954484605087015,
                0.9994645247657296,
                1.0
            ],
            "tpr": [
                0.0,
                0.0625,
                0.9375,
                0.9375,
                1.0,
                1.0,
                1.0,
                1.0,
                1.0,
                1.0,
                1.0,
                1.0,
                1.0,
                1.0,
                1.0,
                1.0,
                1.0,
                1.0,
                1.0,
                1.0,
                1.0,
                1.0,
                1.0,
                1.0,
                1.0,
                1.0,
                1.0,
                1.0,
                1.0,
                1.0,
                1.0,
                1.0,
                1.0,
                1.0,
                1.0,
                1.0,
                1.0,
                1.0,
                1.0,
                1.0,
                1.0,
                1.0,
                1.0,
                1.0,
                1.0,
                1.0,
                1.0,
                1.0,
                1.0,
                1.0,
                1.0,
                1.0,
                1.0,
                1.0,
                1.0,
                1.0,
                1.0,
                1.0,
                1.0,
                1.0,
                1.0,
                1.0,
                1.0,
                1.0,
                1.0,
                1.0,
                1.0,
                1.0
            ]
        },
        "class_distribution": {
            "train": {
                "class_0": 0,
                "class_1": 0
            },
            "test": {
                "class_0": 3735,
                "class_1": 16
            }
        }
    },
    "best_params": {
        "classifier__class_weight": "balanced",
        "classifier__max_depth": 5,
        "classifier__min_samples_leaf": 1,
        "classifier__min_samples_split": 2,
        "classifier__n_estimators": 100
    },
    "feature_importance": [
        0.10866879053350237,
        0.05763065248217244,
        0.0360078313015233,
        0.021722582749557576,
        0.03988403451875327,
        0.048941126989951546,
        0.035850058042907494,
        0.035929092054558194,
        0.053739806379021655,
        0.09120361356750124,
        0.03576727872667571,
        0.028922983163323784,
        0.025094604245138527,
        0.38063754524541293
    ]
}