{
    "metrics": {
        "accuracy": 0.9957344708077845,
        "precision": 0.0,
        "recall": 0.0,
        "f1": 0.0,
        "auc_roc": 0.8212014725568944,
        "confusion_matrix": [
            [
                3735,
                0
            ],
            [
                16,
                0
            ]
        ],
        "specificity": 1.0,
        "roc_curve": {
            "fpr": [
                0.0,
                0.0002677376171352075,
                0.0002677376171352075,
                0.000535475234270415,
                0.000535475234270415,
                0.00107095046854083,
                0.00107095046854083,
                0.0018741633199464524,
                0.0018741633199464524,
                0.006693440428380187,
                0.006693440428380187,
                0.008032128514056224,
                0.008032128514056224,
                0.010441767068273093,
                0.010441767068273093,
                0.012583668005354752,
                0.012583668005354752,
                0.0500669344042838,
                0.0500669344042838,
                0.062115127175368136,
                0.062115127175368136,
                0.08969210174029452,
                0.886479250334672,
                0.891566265060241,
                0.891566265060241,
                0.8966532797858099,
                0.8966532797858099,
                0.9087014725568943,
                0.9087014725568943,
                0.9970548862115127,
                0.9975903614457832,
                1.0
            ],
            "tpr": [
                0.0,
                0.0,
                0.125,
                0.125,
                0.1875,
                0.1875,
                0.25,
                0.25,
                0.375,
                0.375,
                0.4375,
                0.4375,
                0.5625,
                0.5625,
                0.625,
                0.625,
                0.6875,
                0.6875,
                0.75,
                0.75,
                0.8125,
                0.8125,
                0.8125,
                0.8125,
                0.875,
                0.875,
                0.9375,
                0.9375,
                1.0,
                1.0,
                1.0,
                1.0
            ]
        },
        "class_distribution": {
            "train": {
                "class_0": 0,
                "class_1": 0
            },
            "test": {
                "class_0": 3735,
                "class_1": 16
            }
        }
    },
    "best_params": {
        "classifier__C": 10,
        "classifier__class_weight": {
            "0": 1,
            "1": 10
        },
        "classifier__gamma": "auto",
        "classifier__kernel": "rbf"
    },
    "feature_importance": [
        1.3047388794916956,
        1.3047388794916956,
        1.3047388794916956,
        1.3047388794916956,
        1.3047388794916956,
        0.024385817359476387,
        1.3047388794916956,
        1.3047388794916956,
        1.3047388794916956,
        1.3047388794916956,
        0.6928604322304471,
        0.8268724333666373,
        1.5397518707634674,
        1.0808075484797626,
        0.23019484096959728,
        0.41836866946783136,
        0.15264239358189005,
        0.47736621505505195,
        0.26386249327960426,
        0.7324781918859041,
        0.10651487311452748,
        0.16545602143679164,
        0.04328319551895814,
        0.21110047812984886,
        0.7085720913990529,
        0.23753026430797244,
        2.0309470525145903,
        0.8769622939452973,
        0.12583728207755898,
        0.12202332038090029,
        0.5596500924695911,
        1.5498346685575355,
        0.6912034871826096,
        0.9480110347150241,
        0.7092712867161879,
        0.3613171570381517,
        0.04532187945089208,
        0.3338389013962109,
        0.3600821813300462,
        1.5905784084447903,
        0.33351463879885423,
        1.8712568031015577,
        0.3672429502506748,
        1.2045563281277052,
        0.11255680300393336,
        1.0049815834530929,
        0.3647351615835448,
        0.2795194781794899,
        0.5403317430017287,
        0.62813090130289,
        0.08883014754995573
    ]
}