{
    "metrics": {
        "accuracy": 0.85375,
        "precision": 0.08264462809917356,
        "recall": 0.625,
        "f1": 0.145985401459854,
        "auc_roc": 0.8497289540816326,
        "confusion_matrix": [
            [
                673,
                111
            ],
            [
                6,
                10
            ]
        ],
        "specificity": 0.8584183673469388,
        "roc_curve": {
            "fpr": [
                0.0,
                0.0012755102040816326,
                0.00510204081632653,
                0.01020408163265306,
                0.14158163265306123,
                0.1913265306122449,
                0.24744897959183673,
                0.3622448979591837,
                0.4298469387755102,
                0.5102040816326531,
                1.0
            ],
            "tpr": [
                0.0,
                0.0625,
                0.125,
                0.1875,
                0.625,
                0.6875,
                0.75,
                0.875,
                0.9375,
                1.0,
                1.0
            ]
        },
        "class_distribution": {
            "train": {
                "class_0": 0,
                "class_1": 0
            },
            "test": {
                "class_0": 784,
                "class_1": 16
            }
        }
    },
    "best_params": {
        "classifier__class_weight": {
            "0": 1,
            "1": 10
        },
        "classifier__max_depth": 7,
        "classifier__min_samples_leaf": 1,
        "classifier__min_samples_split": 2
    },
    "feature_importance": [
        1.0
    ]
}