{
    "metrics": {
        "accuracy": 0.98,
        "precision": 0.0,
        "recall": 0.0,
        "f1": 0.0,
        "auc_roc": 0.8526785714285714,
        "confusion_matrix": [
            [
                784,
                0
            ],
            [
                16,
                0
            ]
        ],
        "specificity": 1.0,
        "roc_curve": {
            "fpr": [
                0.0,
                0.0012755102040816326,
                0.00510204081632653,
                0.016581632653061226,
                0.021683673469387755,
                0.03443877551020408,
                0.05229591836734694,
                0.05612244897959184,
                0.09438775510204081,
                0.10841836734693877,
                0.14923469387755103,
                0.17219387755102042,
                0.20535714285714285,
                0.2614795918367347,
                0.31887755102040816,
                0.33035714285714285,
                0.3979591836734694,
                0.47831632653061223,
                0.5357142857142857,
                0.6160714285714286,
                0.7130102040816326,
                1.0
            ],
            "tpr": [
                0.0,
                0.0625,
                0.125,
                0.25,
                0.3125,
                0.375,
                0.4375,
                0.4375,
                0.5625,
                0.5625,
                0.6875,
                0.6875,
                0.6875,
                0.75,
                0.8125,
                0.8125,
                0.875,
                0.9375,
                1.0,
                1.0,
                1.0,
                1.0
            ]
        },
        "class_distribution": {
            "train": {
                "class_0": 0,
                "class_1": 0
            },
            "test": {
                "class_0": 784,
                "class_1": 16
            }
        }
    },
    "best_params": {
        "classifier__learning_rate": 0.01,
        "classifier__max_depth": 3,
        "classifier__min_samples_leaf": 1,
        "classifier__min_samples_split": 2,
        "classifier__n_estimators": 100,
        "classifier__subsample": 0.8
    },
    "feature_importance": [
        1.0
    ]
}