{
    "metrics": {
        "accuracy": 0.8925,
        "precision": 0.07317073170731707,
        "recall": 0.375,
        "f1": 0.12244897959183673,
        "auc_roc": 0.7987882653061225,
        "confusion_matrix": [
            [
                708,
                76
            ],
            [
                10,
                6
            ]
        ],
        "specificity": 0.9030612244897959,
        "roc_curve": {
            "fpr": [
                0.0,
                0.0012755102040816326,
                0.002551020408163265,
                0.006377551020408163,
                0.012755102040816327,
                0.016581632653061226,
                0.029336734693877552,
                0.030612244897959183,
                0.03571428571428571,
                0.039540816326530615,
                0.05102040816326531,
                0.05229591836734694,
                0.08545918367346939,
                0.09693877551020408,
                0.11479591836734694,
                0.1377551020408163,
                0.1760204081632653,
                0.21556122448979592,
                0.21683673469387754,
                0.2729591836734694,
                0.274234693877551,
                0.32908163265306123,
                0.33035714285714285,
                0.39668367346938777,
                0.3979591836734694,
                0.47831632653061223,
                0.5586734693877551,
                0.6530612244897959,
                0.6556122448979592,
                0.7104591836734694,
                0.7130102040816326,
                0.7869897959183674,
                0.8443877551020408,
                0.889030612244898,
                0.9272959183673469,
                0.9285714285714286,
                0.9604591836734694,
                0.9757653061224489,
                0.9872448979591837,
                0.9885204081632653,
                0.9910714285714286,
                0.9961734693877551,
                1.0
            ],
            "tpr": [
                0.0,
                0.0625,
                0.0625,
                0.0625,
                0.0625,
                0.125,
                0.125,
                0.125,
                0.1875,
                0.1875,
                0.25,
                0.25,
                0.25,
                0.375,
                0.4375,
                0.4375,
                0.5625,
                0.625,
                0.6875,
                0.75,
                0.75,
                0.8125,
                0.8125,
                0.875,
                0.875,
                0.875,
                0.9375,
                0.9375,
                0.9375,
                1.0,
                1.0,
                1.0,
                1.0,
                1.0,
                1.0,
                1.0,
                1.0,
                1.0,
                1.0,
                1.0,
                1.0,
                1.0,
                1.0
            ]
        },
        "class_distribution": {
            "train": {
                "class_0": 784,
                "class_1": 16
            },
            "test": {
                "class_0": 784,
                "class_1": 16
            }
        }
    },
    "best_params": {
        "classifier__C": 1,
        "classifier__class_weight": {
            "0": 1,
            "1": 10
        },
        "classifier__penalty": "l2",
        "classifier__solver": "liblinear"
    },
    "feature_importance": [
        -1.466120945731482,
        -1.4673068917136332,
        0.1579418697108108
    ]
}