{
    "metrics": {
        "accuracy": 0.61,
        "precision": 0.046012269938650305,
        "recall": 0.9375,
        "f1": 0.08771929824561403,
        "auc_roc": 0.8653539540816326,
        "confusion_matrix": [
            [
                473,
                311
            ],
            [
                1,
                15
            ]
        ],
        "specificity": 0.6033163265306123,
        "roc_curve": {
            "fpr": [
                0.0,
                0.011479591836734694,
                0.04974489795918367,
                0.09056122448979592,
                0.09183673469387756,
                0.09693877551020408,
                0.10076530612244898,
                0.11862244897959184,
                0.13137755102040816,
                0.1875,
                0.3022959183673469,
                0.36989795918367346,
                0.3737244897959184,
                0.39668367346938777,
                0.4770408163265306,
                0.49107142857142855,
                0.5242346938775511,
                0.5357142857142857,
                0.6160714285714286,
                0.7130102040816326,
                1.0
            ],
            "tpr": [
                0.0,
                0.125,
                0.25,
                0.375,
                0.4375,
                0.5,
                0.5625,
                0.625,
                0.6875,
                0.75,
                0.875,
                0.9375,
                0.9375,
                0.9375,
                1.0,
                1.0,
                1.0,
                1.0,
                1.0,
                1.0,
                1.0
            ]
        },
        "class_distribution": {
            "train": {
                "class_0": 0,
                "class_1": 0
            },
            "test": {
                "class_0": 784,
                "class_1": 16
            }
        }
    },
    "best_params": {
        "classifier__class_weight": "balanced",
        "classifier__max_depth": 5,
        "classifier__min_samples_leaf": 1,
        "classifier__min_samples_split": 2,
        "classifier__n_estimators": 200
    },
    "feature_importance": [
        1.0
    ]
}