{
    "metrics": {
        "accuracy": 0.98,
        "precision": 0.0,
        "recall": 0.0,
        "f1": 0.0,
        "auc_roc": 0.3286033163265306,
        "confusion_matrix": [
            [
                784,
                0
            ],
            [
                16,
                0
            ]
        ],
        "specificity": 1.0,
        "roc_curve": {
            "fpr": [
                0.0,
                0.003826530612244898,
                0.026785714285714284,
                0.02806122448979592,
                0.044642857142857144,
                0.05102040816326531,
                0.10841836734693877,
                0.15306122448979592,
                0.15816326530612246,
                0.17091836734693877,
                0.2512755102040816,
                0.30739795918367346,
                0.3482142857142857,
                0.4451530612244898,
                0.4477040816326531,
                0.4630102040816326,
                0.4642857142857143,
                0.5025510204081632,
                0.5191326530612245,
                0.5255102040816326,
                0.5994897959183674,
                0.6173469387755102,
                0.6198979591836735,
                0.6875,
                0.7270408163265306,
                0.8418367346938775,
                0.8456632653061225,
                0.8533163265306123,
                0.9336734693877551,
                0.9464285714285714,
                0.9783163265306123,
                0.9834183673469388,
                0.9872448979591837,
                0.9987244897959183,
                1.0
            ],
            "tpr": [
                0.0,
                0.0,
                0.0,
                0.0,
                0.0,
                0.0,
                0.0,
                0.0,
                0.0,
                0.0625,
                0.0625,
                0.125,
                0.25,
                0.25,
                0.25,
                0.25,
                0.25,
                0.375,
                0.375,
                0.375,
                0.375,
                0.4375,
                0.4375,
                0.5,
                0.5,
                0.625,
                0.625,
                0.625,
                0.6875,
                0.6875,
                0.6875,
                0.75,
                0.8125,
                0.9375,
                1.0
            ]
        },
        "class_distribution": {
            "train": {
                "class_0": 0,
                "class_1": 0
            },
            "test": {
                "class_0": 784,
                "class_1": 16
            }
        }
    },
    "best_params": {
        "classifier__C": 10,
        "classifier__class_weight": {
            "0": 1,
            "1": 10
        },
        "classifier__gamma": "auto",
        "classifier__kernel": "rbf"
    },
    "feature_importance": [
        0.018301628116540545,
        0.018301628116540545,
        0.018301628116540545,
        0.018301628116540545,
        0.018301628116540545,
        0.19846368617304322,
        0.018301628116540545,
        0.018301628116540545,
        0.018301628116540545,
        0.018301628116540545,
        0.018301628116540545,
        0.018301628116540545,
        0.018301628116540545,
        0.018301628116540545,
        0.018301628116540545,
        0.018301628116540545,
        0.018301628116540545,
        0.018301628116540545,
        0.12303555059219635,
        0.018301628116540545,
        0.018301628116540545,
        0.018301628116540545,
        0.018301628116540545,
        0.018301628116540545,
        0.018301628116540545,
        0.018301628116540545,
        0.018301628116540545,
        0.018301628116540545,
        0.018301628116540545,
        0.018301628116540545,
        0.018301628116540545,
        0.018301628116540545,
        0.018301628116540545,
        0.018301628116540545,
        0.018301628116540545,
        0.018301628116540545,
        0.018301628116540545,
        0.018301628116540545,
        0.018301628116540545,
        0.018301628116540545,
        0.018301628116540545,
        0.018301628116540545,
        0.018301628116540545,
        0.018301628116540545,
        0.018301628116540545,
        0.018301628116540545,
        0.018301628116540545,
        0.018301628116540545,
        0.018301628116540545,
        0.018301628116540545,
        0.018301628116540545,
        0.018301628116540545,
        0.018301628116540545,
        0.018301628116540545,
        0.018301628116540545,
        0.018301628116540545,
        0.018301628116540545,
        0.018301628116540545,
        0.018301628116540545,
        0.018301628116540545,
        0.07763177987095989
    ]
}