{
    "accuracy": 0.98,
    "precision": 0.0,
    "recall": 0.0,
    "specificity": 1.0,
    "f1": 0.0,
    "auc_roc": 0.78125,
    "confusion_matrix": [
        [
            196,
            0
        ],
        [
            4,
            0
        ]
    ],
    "roc_curve": {
        "fpr": [
            0.0,
            0.00510204081632653,
            0.025510204081632654,
            0.025510204081632654,
            0.030612244897959183,
            0.04081632653061224,
            0.0663265306122449,
            0.08673469387755102,
            0.11734693877551021,
            0.15816326530612246,
            0.21428571428571427,
            0.29591836734693877,
            0.3469387755102041,
            0.40816326530612246,
            0.47959183673469385,
            0.4846938775510204,
            0.5969387755102041,
            0.673469387755102,
            0.7244897959183674,
            0.7908163265306123,
            0.8367346938775511,
            0.8928571428571429,
            0.9387755102040817,
            0.9693877551020408,
            0.9795918367346939,
            0.9948979591836735,
            1.0
        ],
        "tpr": [
            0.0,
            0.0,
            0.0,
            0.25,
            0.5,
            0.5,
            0.5,
            0.5,
            0.5,
            0.5,
            0.75,
            0.75,
            0.75,
            0.75,
            0.75,
            0.75,
            0.75,
            1.0,
            1.0,
            1.0,
            1.0,
            1.0,
            1.0,
            1.0,
            1.0,
            1.0,
            1.0
        ]
    },
    "class_distribution": {
        "train": {
            "class_0": 784,
            "class_1": 16
        },
        "test": {
            "class_0": 196,
            "class_1": 4
        }
    }
}