{
    "accuracy": 0.98,
    "precision": 0.0,
    "recall": 0.0,
    "specificity": 1.0,
    "f1": 0.0,
    "auc_roc": 0.7034438775510204,
    "confusion_matrix": [
        [
            196,
            0
        ],
        [
            4,
            0
        ]
    ],
    "roc_curve": {
        "fpr": [
            0.0,
            0.00510204081632653,
            0.02040816326530612,
            0.02040816326530612,
            0.03571428571428571,
            0.04591836734693878,
            0.05102040816326531,
            0.11224489795918367,
            0.16326530612244897,
            0.23469387755102042,
            0.2755102040816326,
            0.30612244897959184,
            0.41836734693877553,
            0.45918367346938777,
            0.5357142857142857,
            0.5459183673469388,
            0.5918367346938775,
            0.6479591836734694,
            0.6989795918367347,
            0.7551020408163265,
            0.7959183673469388,
            0.8622448979591837,
            0.8673469387755102,
            0.9132653061224489,
            0.9387755102040817,
            0.9693877551020408,
            0.9897959183673469,
            1.0
        ],
        "tpr": [
            0.0,
            0.0,
            0.0,
            0.25,
            0.25,
            0.25,
            0.5,
            0.5,
            0.5,
            0.5,
            0.5,
            0.5,
            0.5,
            0.5,
            0.75,
            0.75,
            0.75,
            1.0,
            1.0,
            1.0,
            1.0,
            1.0,
            1.0,
            1.0,
            1.0,
            1.0,
            1.0,
            1.0
        ]
    },
    "class_distribution": {
        "train": {
            "class_0": 784,
            "class_1": 16
        },
        "test": {
            "class_0": 196,
            "class_1": 4
        }
    }
}