{
    "metrics": {
        "accuracy": 0.96875,
        "precision": 0.37142857142857144,
        "recall": 0.8125,
        "f1": 0.5098039215686274,
        "auc_roc": 0.9848931760204082,
        "confusion_matrix": [
            [
                762,
                22
            ],
            [
                3,
                13
            ]
        ],
        "specificity": 0.9719387755102041,
        "roc_curve": {
            "fpr": [
                0.0,
                0.0,
                0.003826530612244898,
                0.007653061224489796,
                0.01403061224489796,
                0.02806122448979592,
                0.08673469387755102,
                1.0
            ],
            "tpr": [
                0.0,
                0.125,
                0.4375,
                0.625,
                0.75,
                0.8125,
                1.0,
                1.0
            ]
        },
        "class_distribution": {
            "train": {
                "class_0": 0,
                "class_1": 0
            },
            "test": {
                "class_0": 784,
                "class_1": 16
            }
        }
    },
    "best_params": {
        "classifier__class_weight": {
            "0": 1,
            "1": 5
        },
        "classifier__max_depth": 5,
        "classifier__min_samples_leaf": 1,
        "classifier__min_samples_split": 10
    },
    "feature_importance": [
        0.15519935603864862,
        0.1026310005643453,
        0.0,
        0.02850600417036403,
        0.09903786933393308,
        0.0,
        0.07179289939202792,
        0.0,
        0.30404513664098964,
        0.23878773385969135
    ]
}