{
    "metrics": {
        "accuracy": 1.0,
        "precision": 1.0,
        "recall": 1.0,
        "f1": 1.0,
        "auc_roc": 1.0,
        "confusion_matrix": [
            [
                784,
                0
            ],
            [
                0,
                16
            ]
        ],
        "specificity": 1.0,
        "roc_curve": {
            "fpr": [
                0.0,
                0.0,
                0.0,
                0.08673469387755102,
                0.08928571428571429,
                0.22193877551020408,
                0.22448979591836735,
                0.4987244897959184,
                0.5012755102040817,
                0.5114795918367347,
                0.514030612244898,
                0.5905612244897959,
                0.5956632653061225,
                0.6951530612244898,
                0.6977040816326531,
                0.7729591836734694,
                0.7755102040816326,
                0.8622448979591837,
                0.8647959183673469,
                0.8941326530612245,
                0.8966836734693877,
                0.9030612244897959,
                0.9056122448979592,
                0.9387755102040817,
                0.9413265306122449,
                0.9668367346938775,
                0.9693877551020408,
                0.9974489795918368,
                1.0
            ],
            "tpr": [
                0.0,
                0.0625,
                1.0,
                1.0,
                1.0,
                1.0,
                1.0,
                1.0,
                1.0,
                1.0,
                1.0,
                1.0,
                1.0,
                1.0,
                1.0,
                1.0,
                1.0,
                1.0,
                1.0,
                1.0,
                1.0,
                1.0,
                1.0,
                1.0,
                1.0,
                1.0,
                1.0,
                1.0,
                1.0
            ]
        },
        "class_distribution": {
            "train": {
                "class_0": 0,
                "class_1": 0
            },
            "test": {
                "class_0": 784,
                "class_1": 16
            }
        }
    },
    "best_params": {
        "classifier__learning_rate": 0.1,
        "classifier__max_depth": 3,
        "classifier__min_samples_leaf": 2,
        "classifier__min_samples_split": 2,
        "classifier__n_estimators": 100,
        "classifier__subsample": 1.0
    },
    "feature_importance": [
        0.14085987500826688,
        0.29814246580927684,
        0.06405028822531786,
        0.1434973461962025,
        0.04958653111652701,
        0.03549255099964913,
        0.0731551357099525,
        0.07135710764293926,
        0.06689427437407278,
        0.056964424917795214
    ]
}