{
    "metrics": {
        "accuracy": 0.6025,
        "precision": 0.045180722891566265,
        "recall": 0.9375,
        "f1": 0.08620689655172414,
        "auc_roc": 0.8668686224489797,
        "confusion_matrix": [
            [
                467,
                317
            ],
            [
                1,
                15
            ]
        ],
        "specificity": 0.5956632653061225,
        "roc_curve": {
            "fpr": [
                0.0,
                0.0,
                0.025510204081632654,
                0.025510204081632654,
                0.04846938775510204,
                0.04846938775510204,
                0.05357142857142857,
                0.05357142857142857,
                0.07525510204081633,
                0.07525510204081633,
                0.07653061224489796,
                0.07653061224489796,
                0.08545918367346939,
                0.08545918367346939,
                0.1096938775510204,
                0.1096938775510204,
                0.12372448979591837,
                0.12372448979591837,
                0.1326530612244898,
                0.1326530612244898,
                0.20918367346938777,
                0.20918367346938777,
                0.22831632653061223,
                0.22831632653061223,
                0.29081632653061223,
                0.29081632653061223,
                0.5318877551020408,
                0.5318877551020408,
                1.0
            ],
            "tpr": [
                0.0,
                0.0625,
                0.0625,
                0.125,
                0.125,
                0.1875,
                0.1875,
                0.3125,
                0.3125,
                0.375,
                0.375,
                0.4375,
                0.4375,
                0.5625,
                0.5625,
                0.625,
                0.625,
                0.6875,
                0.6875,
                0.75,
                0.75,
                0.8125,
                0.8125,
                0.875,
                0.875,
                0.9375,
                0.9375,
                1.0,
                1.0
            ]
        },
        "class_distribution": {
            "train": {
                "class_0": 784,
                "class_1": 16
            },
            "test": {
                "class_0": 784,
                "class_1": 16
            }
        }
    },
    "best_params": {
        "classifier__C": 0.1,
        "classifier__class_weight": "balanced",
        "classifier__penalty": "l2",
        "classifier__solver": "liblinear"
    },
    "feature_importance": [
        -0.03277841381919899,
        -0.03833944726680938,
        0.09550090107370256,
        0.6364438552320415,
        -0.16074361358484074,
        0.3234733307185737,
        0.11707514273903052,
        0.2878950842480833,
        -0.2681179868473168,
        -0.07914451719246225,
        -0.6616142140408364
    ]
}