{
    "metrics": {
        "accuracy": 0.915,
        "precision": 0.19047619047619047,
        "recall": 1.0,
        "f1": 0.32,
        "auc_roc": 0.9989636479591837,
        "confusion_matrix": [
            [
                716,
                68
            ],
            [
                0,
                16
            ]
        ],
        "specificity": 0.9132653061224489,
        "roc_curve": {
            "fpr": [
                0.0,
                0.0,
                0.0,
                0.0012755102040816326,
                0.0012755102040816326,
                0.003826530612244898,
                0.003826530612244898,
                0.011479591836734694,
                0.011479591836734694,
                0.32142857142857145,
                0.3239795918367347,
                0.5051020408163265,
                0.5076530612244898,
                0.5994897959183674,
                0.6033163265306123,
                0.6224489795918368,
                0.6262755102040817,
                0.6288265306122449,
                0.6377551020408163,
                0.6403061224489796,
                0.6645408163265306,
                0.6683673469387755,
                0.6785714285714286,
                0.6823979591836735,
                0.6849489795918368,
                0.6989795918367347,
                0.701530612244898,
                0.7028061224489796,
                0.7079081632653061,
                0.7142857142857143,
                0.7193877551020408,
                0.7270408163265306,
                0.7321428571428571,
                0.7334183673469388,
                0.735969387755102,
                0.7372448979591837,
                0.7436224489795918,
                0.7474489795918368,
                0.75,
                0.7525510204081632,
                0.7563775510204082,
                0.7589285714285714,
                0.7602040816326531,
                0.7653061224489796,
                0.7665816326530612,
                0.7704081632653061,
                0.7729591836734694,
                0.7755102040816326,
                0.7767857142857143,
                0.7806122448979592,
                0.798469387755102,
                0.8061224489795918,
                0.8073979591836735,
                0.8137755102040817,
                0.8163265306122449,
                0.8201530612244898,
                0.826530612244898,
                0.8316326530612245,
                0.8341836734693877,
                0.8392857142857143,
                0.8443877551020408,
                0.860969387755102,
                1.0
            ],
            "tpr": [
                0.0,
                0.0625,
                0.8125,
                0.8125,
                0.875,
                0.875,
                0.9375,
                0.9375,
                1.0,
                1.0,
                1.0,
                1.0,
                1.0,
                1.0,
                1.0,
                1.0,
                1.0,
                1.0,
                1.0,
                1.0,
                1.0,
                1.0,
                1.0,
                1.0,
                1.0,
                1.0,
                1.0,
                1.0,
                1.0,
                1.0,
                1.0,
                1.0,
                1.0,
                1.0,
                1.0,
                1.0,
                1.0,
                1.0,
                1.0,
                1.0,
                1.0,
                1.0,
                1.0,
                1.0,
                1.0,
                1.0,
                1.0,
                1.0,
                1.0,
                1.0,
                1.0,
                1.0,
                1.0,
                1.0,
                1.0,
                1.0,
                1.0,
                1.0,
                1.0,
                1.0,
                1.0,
                1.0,
                1.0
            ]
        },
        "class_distribution": {
            "train": {
                "class_0": 0,
                "class_1": 0
            },
            "test": {
                "class_0": 784,
                "class_1": 16
            }
        }
    },
    "best_params": {
        "classifier__class_weight": "balanced",
        "classifier__max_depth": 5,
        "classifier__min_samples_leaf": 1,
        "classifier__min_samples_split": 2,
        "classifier__n_estimators": 100
    },
    "feature_importance": [
        0.09874785832533829,
        0.06783174551306725,
        0.07202068531264046,
        0.10113874878893162,
        0.1303354980411939,
        0.09355921319699288,
        0.029718171551274274,
        0.048675350334076134,
        0.03437616369729148,
        0.0470736126450594,
        0.27652295259413423
    ]
}