{
    "metrics": {
        "accuracy": 0.98,
        "precision": 0.0,
        "recall": 0.0,
        "f1": 0.0,
        "auc_roc": 0.9921077806122449,
        "confusion_matrix": [
            [
                784,
                0
            ],
            [
                16,
                0
            ]
        ],
        "specificity": 1.0,
        "roc_curve": {
            "fpr": [
                0.0,
                0.0,
                0.0,
                0.0012755102040816326,
                0.0012755102040816326,
                0.008928571428571428,
                0.008928571428571428,
                0.015306122448979591,
                0.015306122448979591,
                0.03826530612244898,
                0.03826530612244898,
                0.05229591836734694,
                0.05229591836734694,
                0.39158163265306123,
                0.4094387755102041,
                0.413265306122449,
                0.41836734693877553,
                0.4260204081632653,
                0.42857142857142855,
                0.43239795918367346,
                0.43494897959183676,
                1.0
            ],
            "tpr": [
                0.0,
                0.0625,
                0.5625,
                0.5625,
                0.6875,
                0.6875,
                0.8125,
                0.8125,
                0.875,
                0.875,
                0.9375,
                0.9375,
                1.0,
                1.0,
                1.0,
                1.0,
                1.0,
                1.0,
                1.0,
                1.0,
                1.0,
                1.0
            ]
        },
        "class_distribution": {
            "train": {
                "class_0": 0,
                "class_1": 0
            },
            "test": {
                "class_0": 784,
                "class_1": 16
            }
        }
    },
    "best_params": {
        "classifier__C": 1,
        "classifier__class_weight": {
            "0": 1,
            "1": 10
        },
        "classifier__gamma": "auto",
        "classifier__kernel": "rbf"
    },
    "feature_importance": [
        0.01579833872795995,
        0.01579833872795995,
        0.01579833872795995,
        0.01579833872795995,
        0.01579833872795995,
        0.015870090410970338,
        0.01579833872795995,
        0.01579833872795995,
        0.01579833872795995,
        0.01579833872795995,
        0.01579833872795995,
        0.01579833872795995,
        0.01579833872795995,
        0.01579833872795995,
        0.01579833872795995,
        0.01579833872795995,
        0.01579833872795995,
        0.01579833872795995,
        0.01579833872795995,
        0.01579833872795995,
        0.01579833872795995,
        0.2074246696819034,
        0.01579833872795995,
        0.01579833872795995,
        0.01579833872795995,
        0.5057967843007006,
        0.01579833872795995,
        0.01579833872795995,
        0.01579833872795995,
        0.01579833872795995,
        0.01579833872795995,
        0.01579833872795995,
        0.01579833872795995,
        0.01579833872795995,
        0.01579833872795995,
        0.01579833872795995,
        0.01579833872795995,
        0.01579833872795995,
        0.01579833872795995,
        0.01579833872795995,
        0.041590151656767035,
        0.2756026453538642,
        0.020706473146083534,
        0.09144523635169634,
        0.0113818598807803,
        0.1422469692665662,
        0.060766239792556964,
        0.10750062609912893,
        0.12057841630536005,
        0.026305655196341492,
        0.2572233275250184
    ]
}