{
    "accuracy": 0.9957356076759062,
    "precision": 0.0,
    "recall": 0.0,
    "specificity": 1.0,
    "f1": 0.0,
    "auc_roc": 0.9713597430406853,
    "confusion_matrix": [
        [
            934,
            0
        ],
        [
            4,
            0
        ]
    ],
    "roc_curve": {
        "fpr": [
            0.0,
            0.0010706638115631692,
            0.0010706638115631692,
            0.011777301927194861,
            0.011777301927194861,
            0.048179871520342615,
            0.048179871520342615,
            0.05353319057815846,
            0.05353319057815846,
            0.19164882226980728,
            0.22376873661670235,
            0.22698072805139186,
            0.278372591006424,
            0.2837259100642398,
            0.31798715203426126,
            0.32119914346895073,
            0.3683083511777302,
            0.47751605995717344,
            0.4796573875802998,
            0.5492505353319058,
            0.6209850107066381,
            0.683083511777302,
            0.7462526766595289,
            0.9989293361884368,
            1.0
        ],
        "tpr": [
            0.0,
            0.0,
            0.25,
            0.25,
            0.5,
            0.5,
            0.75,
            0.75,
            1.0,
            1.0,
            1.0,
            1.0,
            1.0,
            1.0,
            1.0,
            1.0,
            1.0,
            1.0,
            1.0,
            1.0,
            1.0,
            1.0,
            1.0,
            1.0,
            1.0
        ]
    },
    "class_distribution": {
        "train": {
            "class_0": 3735,
            "class_1": 16
        },
        "test": {
            "class_0": 934,
            "class_1": 4
        }
    }
}