{
    "accuracy": 0.9957356076759062,
    "precision": 0.0,
    "recall": 0.0,
    "specificity": 1.0,
    "f1": 0.0,
    "auc_roc": 0.9464668094218416,
    "confusion_matrix": [
        [
            934,
            0
        ],
        [
            4,
            0
        ]
    ],
    "roc_curve": {
        "fpr": [
            0.0,
            0.0010706638115631692,
            0.0010706638115631692,
            0.0021413276231263384,
            0.0021413276231263384,
            0.09850107066381156,
            0.09850107066381156,
            0.11241970021413276,
            0.11241970021413276,
            0.1702355460385439,
            0.20235546038543897,
            0.215203426124197,
            0.26659528907922914,
            0.2698072805139186,
            0.30406852248394006,
            0.3083511777301927,
            0.3554603854389722,
            0.35867237687366166,
            0.4132762312633833,
            0.4143468950749465,
            0.4689507494646681,
            0.538543897216274,
            0.5396145610278372,
            0.6113490364025695,
            0.6124197002141327,
            0.6745182012847966,
            0.7376873661670236,
            0.9903640256959315,
            1.0
        ],
        "tpr": [
            0.0,
            0.0,
            0.25,
            0.25,
            0.5,
            0.5,
            0.75,
            0.75,
            1.0,
            1.0,
            1.0,
            1.0,
            1.0,
            1.0,
            1.0,
            1.0,
            1.0,
            1.0,
            1.0,
            1.0,
            1.0,
            1.0,
            1.0,
            1.0,
            1.0,
            1.0,
            1.0,
            1.0,
            1.0
        ]
    },
    "class_distribution": {
        "train": {
            "class_0": 3735,
            "class_1": 16
        },
        "test": {
            "class_0": 934,
            "class_1": 4
        }
    }
}