{
    "accuracy": 0.98,
    "precision": 0.0,
    "recall": 0.0,
    "specificity": 1.0,
    "f1": 0.0,
    "auc_roc": 0.8201530612244898,
    "confusion_matrix": [
        [
            196,
            0
        ],
        [
            4,
            0
        ]
    ],
    "roc_curve": {
        "fpr": [
            0.0,
            0.0,
            0.05612244897959184,
            0.05612244897959184,
            0.19387755102040816,
            0.19387755102040816,
            0.46938775510204084,
            0.46938775510204084,
            1.0
        ],
        "tpr": [
            0.0,
            0.25,
            0.25,
            0.5,
            0.5,
            0.75,
            0.75,
            1.0,
            1.0
        ]
    },
    "class_distribution": {
        "train": {
            "class_0": 784,
            "class_1": 16
        },
        "test": {
            "class_0": 196,
            "class_1": 4
        }
    }
}